wallet,public_profile_name,tombstone,original_csv_reason,original_distinct_markets,historical_page_500_span_hours,current_page_500_span_hours,archive_oldest_500_span_seconds,n_first_buys_30d,decayed_t_proxy,mean_return_proxy,aggressive_fraction,both_outcomes_fraction,any_sell_fraction,avg_scheduled_hours,priority_reclassification_review,verdict,live_eligibility
0x1b912b17581b3d544431d13d5a060155a80127dc,Diceman11,infra,breadth>=2000,2726,1184.8222222222223,293.4627777777778,92282224,53,5.915816761261018,0.6651977653687526,1.0,0.0,0.0,5.4934171907756815,True,Permanent infra status unsupported by breadth-only evidence; reassess,NOT ESTABLISHED
0xfd8e46519d0a8f9c35e5010ef4e7f56f7583aea4,oleksiyz,infra,breadth>=2000,4974,125.62666666666667,46.2,1824436,885,5.5750389659562725,0.09446918812483544,0.0,0.0,0.8,25.7193289391086,False,Permanent infra status unsupported by breadth-only evidence; reassess,NOT ESTABLISHED
0x72e1597864456eda62878413cf3e60c332e4a45d,ArbTraderRookie,infra,breadth>=2000,2680,52.37166666666667,56.1075,5500887,34,4.641707851135215,0.05065220962555863,0.6764705882352942,0.20588235294117646,0.14705882352941177,7.1814542483660135,False,Permanent infra status unsupported by breadth-only evidence; reassess,NOT ESTABLISHED
0x0bf96a1c55e6f47ea84335bc3fc08a89653efd90,alboto,infra,breadth>=2000,14318,25.916666666666668,18.749444444444446,657593,27,4.17770721454009,0.620359927332369,0.2962962962962963,0.0,0.0,0.09386831275720164,False,Permanent infra status unsupported by breadth-only evidence; reassess,NOT ESTABLISHED
0x5a3354a0a35d00d2a1dbe6cea0e37e9c30a2ca0d,0x5a3354a0A35d00d2A1DBE6Cea0e37e9c30A2Ca0D-1769069975945,infra,breadth>=2000,2707,2383.6627777777776,2127.275833333333,6005567,176,3.0933572577804247,0.2229120790512565,1.0,0.0,0.0,13.777118055555555,True,Permanent infra status unsupported by breadth-only evidence; reassess,NOT ESTABLISHED
0xdf6539d1fadb951a02a999d31a72e0cd7fd9c36d,nndk,infra,breadth>=2000,7258,1.1377777777777778,10.629444444444445,,22,3.046267314735377,0.5143624922885395,1.0,0.8636363636363636,0.0,0.08006313131313131,False,Permanent infra status unsupported by breadth-only evidence; reassess,NOT ESTABLISHED
0xb7ab821f037a4c8deb9b23b8001a4be985d116d0,funfacts,infra,breadth>=2000,2077,20.568055555555556,23.901666666666667,268197,258,2.7942715579996986,0.1649333645481629,1.0,0.24806201550387597,0.0,3.1722523686477175,False,Permanent infra status unsupported by breadth-only evidence; reassess,NOT ESTABLISHED
0x057621bea5fc03a53af38530c95b17a510716232,gnuisnot,infra,breadth>=2000,3199,272.1511111111111,861.4644444444444,2352710,30,2.788600040231386,0.4985634404818594,0.8333333333333334,0.0,0.26666666666666666,3.5989907407407404,True,Permanent infra status unsupported by breadth-only evidence; reassess,NOT ESTABLISHED
0xc561b14904d769eda31628082c005362ba60dc22,,infra,breadth>=2000,4970,2641.4880555555555,3837.681111111111,,22,2.604564582873683,0.2612784241237953,0.8636363636363636,0.0,0.0,15.511755050505052,False,Permanent infra status unsupported by breadth-only evidence; reassess,NOT ESTABLISHED
0x9fbfe50bf171adaa347a5cb2b789b4a6e12ef003,prob1,infra,breadth>=2000,23053,29.1275,16.011111111111113,3130214,464,2.538391349865324,0.12268685657866873,0.8491379310344828,0.0021551724137931034,0.015086206896551725,20.018172892720305,True,Permanent infra status unsupported by breadth-only evidence; reassess,NOT ESTABLISHED
0x31646b754f77b973910e7376b7015cb81fe83c65,Mr.Z.,infra,breadth>=2000,4107,104.46222222222222,232.85694444444445,50484673,214,2.434162389515494,0.0845415429346428,0.5981308411214953,0.0,0.35046728971962615,24.063338525441328,False,Permanent infra status unsupported by breadth-only evidence; reassess,NOT ESTABLISHED
0x38d812aff0b79f3bf5da2a477f780bcc163eea7c,thanksforplayin,infra,breadth>=2000,14155,49.096666666666664,22.925,,141,2.410781974102201,0.2660849210419975,0.8156028368794326,0.2978723404255319,0.9219858156028369,16.665204885736802,False,Permanent infra status unsupported by breadth-only evidence; reassess,NOT ESTABLISHED
0x9c76cdb43fb46454da005fbc82047a64a18ec926,Bagwell306,infra,breadth>=2000,12861,87.86972222222222,225.23611111111111,844721,92,2.3960557310212827,0.3086557273202166,0.20652173913043478,0.010869565217391304,0.0,12.159365942028986,False,Permanent infra status unsupported by breadth-only evidence; reassess,NOT ESTABLISHED
0xdc5bd11896bfb0fb335dad88d99a7e9a6bc3f102,ztao,infra,breadth>=2000,5117,934.6033333333334,345.2272222222222,9814094,20,2.3647817250893,0.2966159185419117,1.0,0.0,0.3,7.177513888888889,False,Permanent infra status unsupported by breadth-only evidence; reassess,NOT ESTABLISHED
0x330f6bf24e33d8348593bca54017ce83423791b1,Odaily-Draven,proven_loser,,,244.76694444444445,294.2686111111111,,38,2.332075629292892,0.3511168589695476,0.39473684210526316,0.0,0.39473684210526316,3.4850000000000003,False,Historical loser rule supported; require full-window requalification,NOT ESTABLISHED
0x1f19c48aee80ec95396d91f0d21ac249b8a7f57a,godspeed11,infra,breadth>=2000,5701,1.273611111111111,13.985,22722,29,2.3195543886388754,0.349799737556986,1.0,0.9310344827586207,0.0,0.09255747126436781,False,Permanent infra status unsupported by breadth-only evidence; reassess,NOT ESTABLISHED
0x06dc51826bc524d9a83770e7de9dd7e005b04524,0x06dc51826bc524d9a83770e7de9dd7e005b0452,infra,breadth>=2000,3508,4.601388888888889,5.695833333333334,502846,396,2.3097145931047263,0.16048416720750613,0.44696969696969696,0.8939393939393939,0.0,16.073364197530864,False,Permanent infra status unsupported by breadth-only evidence; reassess,NOT ESTABLISHED
0x88ec5ba618625d744988f87ab577be53b382ec61,,infra,,,1.7683333333333333,1.4758333333333333,,62,2.309644455812717,0.28220946104211825,1.0,0.8387096774193549,0.0,0.12407258064516129,False,Original infra trigger unverified; retain pending reconstruction and review,NOT ESTABLISHED
0xdfe29d6ef2a44606cf58967e1fd5854d9e594902,0xDFE29d6eF2A44606CF58967E1fD5854d9e594902-1769913988826,infra,breadth>=2000,11561,48.29416666666667,16.871111111111112,993765,23,2.2152210235444216,0.40477084183903184,0.0,0.043478260869565216,0.0,0.08618357487922705,False,Permanent infra status unsupported by breadth-only evidence; reassess,NOT ESTABLISHED
0xaf17116ae2b1476032785a67bd5b7c8c05905c20,huskyvs,infra,breadth>=2000,2065,118.6075,57.8575,9515399,114,2.185258375301265,0.45220776087166614,0.8157894736842105,0.03508771929824561,0.39473684210526316,9.882711988304093,False,Permanent infra status unsupported by breadth-only evidence; reassess,NOT ESTABLISHED
0xc33d6aa3eb972639f31e46a6a02201cece380d40,penguinec,infra,breadth>=2000,3934,68.2525,121.47055555555555,5848612,63,2.125632033143613,0.41232433881169955,0.2698412698412698,0.6825396825396826,0.0,6.708659611992946,False,Permanent infra status unsupported by breadth-only evidence; reassess,NOT ESTABLISHED
0xa8ae2fb989de545c42c376d61ec887868ca57f3e,ExBeZuZep,infra,breadth>=2000,3136,1078.7897222222223,311.93,9085622,36,2.1062016040816594,0.31180825103667104,1.0,0.0,0.1111111111111111,4.249066358024692,False,Permanent infra status unsupported by breadth-only evidence; reassess,NOT ESTABLISHED
0x4e9e342ff236323b43f79c0da642a82bd12f0c30,0x4e9E342ff236323b43f79C0da642A82bD12F0C30-1772024386281,infra,breadth>=2000,7709,103.00027777777778,172.16611111111112,1290563,20,2.098627131660696,0.38913909634503335,0.7,0.0,0.0,0.2460138888888889,False,Permanent infra status unsupported by breadth-only evidence; reassess,NOT ESTABLISHED
0xdb5ad26b68d77ae966d29e7180147272ab7a3965,0xDB5,infra,breadth>=2000,7820,26.29,20.371666666666666,,195,2.0964455638839494,0.21915313453783514,0.29743589743589743,0.841025641025641,0.958974358974359,15.745680911680912,False,Permanent infra status unsupported by breadth-only evidence; reassess,NOT ESTABLISHED
0x5215b36ebe0f78b3114eb998ca8ade49402ab02f,haveseendate,proven_loser,,,32.98111111111111,17.849444444444444,2848847,27,2.059077099598986,0.3776762883136446,0.25925925925925924,0.0,0.0,0.10755144032921811,False,Historical loser rule supported; require full-window requalification,NOT ESTABLISHED
0x8f1dfd0868d056f11f84e0233e1b89527c262fb6,wapol-E,infra,breadth>=2000,6167,58.29,365.67861111111114,140742,22,2.0550796762859718,0.5519910037816796,0.0,0.045454545454545456,0.0,9.69175505050505,False,Permanent infra status unsupported by breadth-only evidence; reassess,NOT ESTABLISHED
0xc7d02944a76b9f83b199e9090ecc92c82d241f8a,0xc7D02944A76B9F83B199e9090ECC92C82d241F8a-1776944395495,infra,breadth>=2000,3158,2.4691666666666667,32.40694444444444,494984,224,2.020517892360698,0.19603537828694526,0.0,0.4017857142857143,0.3705357142857143,8.463568948412698,False,Permanent infra status unsupported by breadth-only evidence; reassess,NOT ESTABLISHED
